Region,Sub-region,Country,Year,Kidnapping,Rate,Robbery,Rate,Serious Assault,Rate,,,,,,,,,,,,,,,,,,,,,,,,,,,
Asia,Central Asia,Kazakhstan,2005,92,0.597,"15,743",93,"1,647",10.23181818,,,,,,,,,,,,,,,,,,,,,,,,,,,
Asia,Central Asia,Kazakhstan,2006,84,0.54,"10,734",66.047,"2,474",15.91,,,,,,,,,,,,,,,,,,,,,,,,,,,
Asia,Central Asia,Kazakhstan,2007,84,0.535,"18,117",109.86,"1,988",12.66,,,,,,,,,,,,,,,,,,,,,,,,,,,
Asia,Central Asia,Kazakhstan,2008,89,0.561,"20,259",120.935,"1,945",12.26,,,,,,,,,,,,,,,,,,,,,,,,,,,
Asia,Central Asia,Kazakhstan,2009,120,0.748,"18,832",110.607,"1,621",10.1,,,,,,,,,,,,,,,,,,,,,,,,,,,
Asia,Central Asia,Kazakhstan,2010,127,0.781,"14,317",82.743,"1,591",9.79,,,,,,,,,,,,,,,,,,,,,,,,,,,
Asia,Central Asia,Kazakhstan,2011,201,1.219,"12,197",69.412,"1,962",11.9,,,,,,,,,,,,,,,,,,,,,,,,,,,
Asia,Central Asia,Kazakhstan,2012,81,0.484,"15,743",93.26733333,"1,666",9.95,,,,,,,,,,,,,,,,,,,,,,,,,,,
Asia,Central Asia,Kazakhstan,2013,115,0.675,"15,743",93.26733333,"1,361",7.99,,,,,,,,,,,,,,,,,,,,,,,,,,,
Asia,Central Asia,Kazakhstan,2014,76,0.439,"15,743",93.26733333,957,5.53,,,,,,,,,,,,,,,,,,,,,,,,,,,
Asia,Central Asia,Kazakhstan,2015,79,0.45,"15,743",93.26733333,900,5.12,,,,,,,,,,,,,,,,,,,,,,,,,,,
Asia,Central Asia,Kazakhstan,2017,104.3636364,104.3636364,"15,743","15,743","2,050",11.34,,,,,,,,,,,,,,,,,,,,,,,,,,,
Asia,Central Asia,Kyrgyzstan,2003,17,0.339,1978.2,35.3514,225,4.49,,,,,,,,,,,,,,,,,,,,,,,,,,,
Asia,Central Asia,Kyrgyzstan,2004,24,0.476,1978.2,35.3514,213,4.23,,,,,,,,,,,,,,,,,,,,,,,,,,,
Asia,Central Asia,Kyrgyzstan,2005,24,0.473,1978.2,35.3514,264,5.2,,,,,,,,,,,,,,,,,,,,,,,,,,,
Asia,Central Asia,Kyrgyzstan,2006,13,0.254,1978.2,35.3514,206,4.02,,,,,,,,,,,,,,,,,,,,,,,,,,,
Asia,Central Asia,Kyrgyzstan,2007,34,0.656,1978.2,35.3514,343,6.62,,,,,,,,,,,,,,,,,,,,,,,,,,,
Asia,Central Asia,Kyrgyzstan,2008,25,0.476,1978.2,35.3514,349,6.64,,,,,,,,,,,,,,,,,,,,,,,,,,,
Asia,Central Asia,Kyrgyzstan,2009,6,0.112,1978.2,35.3514,359,6.73,,,,,,,,,,,,,,,,,,,,,,,,,,,
Asia,Central Asia,Kyrgyzstan,2010,84,1.549,"2,798",51.605,536,9.89,,,,,,,,,,,,,,,,,,,,,,,,,,,
Asia,Central Asia,Kyrgyzstan,2011,66,1.196,"2,434",44.11,482,8.74,,,,,,,,,,,,,,,,,,,,,,,,,,,
Asia,Central Asia,Kyrgyzstan,2012,60,1.067,"2,074",36.891,414,7.36,,,,,,,,,,,,,,,,,,,,,,,,,,,
Asia,Central Asia,Kyrgyzstan,2013,41,0.715,"1,616",28.198,306,5.34,,,,,,,,,,,,,,,,,,,,,,,,,,,
Asia,Central Asia,Kyrgyzstan,2014,51,0.873,1978.2,35.3514,380,6.5,,,,,,,,,,,,,,,,,,,,,,,,,,,
Asia,Central Asia,Kyrgyzstan,2015,54,0.906,1978.2,35.3514,359,6.02,,,,,,,,,,,,,,,,,,,,,,,,,,,
Asia,Central Asia,Kyrgyzstan,2016,53,0.873,969,15.953,283,4.66,,,,,,,,,,,,,,,,,,,,,,,,,,,
Asia,Central Asia,Tajikistan,2006,199,2.874,500.6666667,2011.666667,"5,762",83.23,,,,,,,,,,,,,,,,,,,,,,,,,,,
Asia,Central Asia,Tajikistan,2007,181,2.563,500.6666667,2012.5,"5,730",81.13,,,,,,,,,,,,,,,,,,,,,,,,,,,
Asia,Central Asia,Tajikistan,2008,188,2.607,500.6666667,2014,"7,396",102.58,,,,,,,,,,,,,,,,,,,,,,,,,,,
Asia,Central Asia,Tajikistan,2009,155,2.105,500.6666667,#REF!,"9,489",128.84,,,,,,,,,,,,,,,,,,,,,,,,,,,
Asia,Central Asia,Tajikistan,2010,146,1.94,245,3.255,"5,490",72.94,,,,,,,,,,,,,,,,,,,,,,,,,,,
Asia,Central Asia,Tajikistan,2011,172,2.234,288,3.741,"3,735",48.52,,,,,,,,,,,,,,,,,,,,,,,,,,,
Asia,Central Asia,Tajikistan,2014,173.5,2.387166667,969,15.953,6267,86.20666667,,,,,,,,,,,,,,,,,,,,,,,,,,,
Asia,Central Asia,Uzbekistan,2014,39,0.128,"1,432",4.707,"1,451",4.77,,,,,,,,,,,,,,,,,,,,,,,,,,,
Asia,Central Asia,Uzbekistan,2015,37,0.12,"1,220",3.944,"1,478",4.78,,,,,,,,,,,,,,,,,,,,,,,,,,,
Asia,Central Asia,Uzbekistan,2016,24,0.076,"1,052",3.346,"1,505",4.79,,,,,,,,,,,,,,,,,,,,,,,,,,,
Asia,Central Asia,Uzbekistan,2017,33.33333333,0.108,831,2.6,"1,397",4.37,,,,,,,,,,,,,,,,,,,,,,,,,,,
Asia,Eastern Asia,Hong Kong,2003,0,0,656.25,9.34875,"7,985",8.665332143,,,,,,,,,,,,,,,,,,,,,,,,,,,
Asia,Eastern Asia,Hong Kong,2004,1,0.015,656.25,9.34875,"7,754",115.3,,,,,,,,,,,,,,,,,,,,,,,,,,,
Asia,Eastern Asia,Hong Kong,2005,0,0,656.25,9.34875,"7,811",115.8,,,,,,,,,,,,,,,,,,,,,,,,,,,
Asia,Eastern Asia,Hong Kong,2006,0,0,656.25,9.34875,"8,091",119.51,,,,,,,,,,,,,,,,,,,,,,,,,,,
Asia,Eastern Asia,Hong Kong,2007,3,0.044,656.25,9.34875,"8,690",127.76,,,,,,,,,,,,,,,,,,,,,,,,,,,
Asia,Eastern Asia,Hong Kong,2008,0,0,656.25,9.34875,"8,660",126.61,,,,,,,,,,,,,,,,,,,,,,,,,,,
Asia,Eastern Asia,Hong Kong,2009,0,0,656.25,9.34875,"8,410",122.2,,,,,,,,,,,,,,,,,,,,,,,,,,,
Asia,Eastern Asia,Hong Kong,2010,1,0.014,778,11.169,"8,136",117.49,,,,,,,,,,,,,,,,,,,,,,,,,,,
Asia,Eastern Asia,Hong Kong,2011,0,0,731,10.432,"7,602",109.13,,,,,,,,,,,,,,,,,,,,,,,,,,,
Asia,Eastern Asia,Hong Kong,2012,0,0,616,8.741,"7,362",105.07,,,,,,,,,,,,,,,,,,,,,,,,,,,
Asia,Eastern Asia,Hong Kong,2013,1,0.014,500,7.053,"7,332",104.04,,,,,,,,,,,,,,,,,,,,,,,,,,,
Asia,Eastern Asia,Japan,2003,284,0.222,3225.857143,2.514571429,"58,505",45.69,,,,,,,,,,,,,,,,,,,,,,,,,,,
Asia,Eastern Asia,Japan,2004,320,0.25,3225.857143,2.514571429,"59,628",46.51,,,,,,,,,,,,,,,,,,,,,,,,,,,
Asia,Eastern Asia,Japan,2005,277,0.216,3225.857143,2.514571429,"60,299",46.99,,,,,,,,,,,,,,,,,,,,,,,,,,,
Asia,Eastern Asia,Japan,2006,199,0.155,3225.857143,2.514571429,"64,989",50.61,,,,,,,,,,,,,,,,,,,,,,,,,,,
Asia,Eastern Asia,Japan,2007,207,0.161,3225.857143,2.514571429,"62,952",48.99,,,,,,,,,,,,,,,,,,,,,,,,,,,
Asia,Eastern Asia,Japan,2008,156,0.121,3225.857143,2.514571429,"60,126",46.78,,,,,,,,,,,,,,,,,,,,,,,,,,,
Asia,Eastern Asia,Japan,2009,156,0.121,3225.857143,2.514571429,"26,574",20.67,,,,,,,,,,,,,,,,,,,,,,,,,,,
Asia,Eastern Asia,Japan,2010,186,0.145,"4,052",3.152,"26,647",20.73,,,,,,,,,,,,,,,,,,,,,,,,,,,
Asia,Eastern Asia,Japan,2011,153,0.119,"3,698",2.878,"25,928",20.18,,,,,,,,,,,,,,,,,,,,,,,,,,,
Asia,Eastern Asia,Japan,2012,190,0.148,"3,693",2.876,"28,058",21.85,,,,,,,,,,,,,,,,,,,,,,,,,,,
Asia,Eastern Asia,Japan,2013,185,0.144,"3,324",2.591,"27,864",21.72,,,,,,,,,,,,,,,,,,,,,,,,,,,
Asia,Eastern Asia,Japan,2014,198,0.154,"3,056",2.384,"26,653",20.8,,,,,,,,,,,,,,,,,,,,,,,,,,,
Asia,Eastern Asia,Japan,2015,192,0.15,"2,426",1.896,"25,183",19.68,,,,,,,,,,,,,,,,,,,,,,,,,,,
Asia,Eastern Asia,Japan,2016,228,0.178,"2,332",1.825,"24,365",19.07,,,,,,,,,,,,,,,,,,,,,,,,,,,
Asia,Eastern Asia,Macau,2008,0.75,0.13625,143,24.8985,"1,998",387.96,,,,,,,,,,,,,,,,,,,,,,,,,,,
Asia,Eastern Asia,Macau,2009,0.75,0.13625,143,24.8985,"1,879",357.22,,,,,,,,,,,,,,,,,,,,,,,,,,,
Asia,Eastern Asia,Macau,2010,2,0.372,178,33.086,"1,836",341.26,,,,,,,,,,,,,,,,,,,,,,,,,,,
Asia,Eastern Asia,Macau,2011,0,0,198,35.935,"1,728",313.61,,,,,,,,,,,,,,,,,,,,,,,,,,,
Asia,Eastern Asia,Macau,2012,0,0,179,31.738,"1,754",310.99,,,,,,,,,,,,,,,,,,,,,,,,,,,
Asia,Eastern Asia,Macau,2013,1,0.173,150,25.997,"1,700",294.63,,,,,,,,,,,,,,,,,,,,,,,,,,,
Asia,Eastern Asia,Macau,2014,0.75,0.13625,120,20.339,"1,783",302.2,,,,,,,,,,,,,,,,,,,,,,,,,,,
Asia,Eastern Asia,Macau,2015,0.75,0.13625,113,18.771,"1,620",269.1,,,,,,,,,,,,,,,,,,,,,,,,,,,
Asia,Eastern Asia,Macau,2016,0.75,0.13625,98,15.987,"1,713",279.45,,,,,,,,,,,,,,,,,,,,,,,,,,,
Asia,Eastern Asia,Macau,2017,0.75,0.13625,108,17.335,"1,743",279.78,,,,,,,,,,,,,,,,,,,,,,,,,,,
Asia,Eastern Asia,Mongolia,2003,0.75,0.02658333333,644.75,21.983875,"2,440",98.83,,,,,,,,,,,,,,,,,,,,,,,,,,,
Asia,Eastern Asia,Mongolia,2004,0.75,0.02658333333,644.75,21.983875,"2,846",114.02,,,,,,,,,,,,,,,,,,,,,,,,,,,
Asia,Eastern Asia,Mongolia,2005,1,0.04,644.75,21.983875,"2,991",118.41,,,,,,,,,,,,,,,,,,,,,,,,,,,
Asia,Eastern Asia,Mongolia,2006,0,0,644.75,21.983875,"3,584",140.05,,,,,,,,,,,,,,,,,,,,,,,,,,,
Asia,Eastern Asia,Mongolia,2007,1,0.039,644.75,21.983875,"4,614",177.87,,,,,,,,,,,,,,,,,,,,,,,,,,,
Asia,Eastern Asia,Mongolia,2008,0,0,644.75,21.983875,"5,319",202.09,,,,,,,,,,,,,,,,,,,,,,,,,,,
Asia,Eastern Asia,Mongolia,2009,1,0.037,644.75,21.983875,"5,770",215.78,,,,,,,,,,,,,,,,,,,,,,,,,,,
Asia,Eastern Asia,Mongolia,2010,0,0,520,19.118,"5,821",214.01,,,,,,,,,,,,,,,,,,,,,,,,,,,
Asia,Eastern Asia,Mongolia,2011,1,0.036,536,19.35,"5,838",210.76,,,,,,,,,,,,,,,,,,,,,,,,,,,
Asia,Eastern Asia,Mongolia,2012,0,0,552,19.54,"6,546",231.72,,,,,,,,,,,,,,,,,,,,,,,,,,,
Asia,Eastern Asia,Mongolia,2013,2,0.069,620,21.513,"7,564",262.46,,,,,,,,,,,,,,,,,,,,,,,,,,,
Asia,Eastern Asia,Mongolia,2014,0,0,686,23.333,"8,132",276.6,,,,,,,,,,,,,,,,,,,,,,,,,,,
Asia,Eastern Asia,Mongolia,2015,0,0,537,17.912,"8,064",268.98,,,,,,,,,,,,,,,,,,,,,,,,,,,
Asia,Eastern Asia,Mongolia,2016,3,0.098,474,15.51,"1,892",61.91,,,,,,,,,,,,,,,,,,,,,,,,,,,
Asia,Eastern Asia,Mongolia,2017,0.75,0.02658333333,"1,233",39.595,398,12.78,,,,,,,,,,,,,,,,,,,,,,,,,,,
Asia,Eastern Asia,Republic of Korea,2006,127,0.26,2264.625,4.51825,"281,928",576.78,,,,,,,,,,,,,,,,,,,,,,,,,,,
Asia,Eastern Asia,Republic of Korea,2007,155,0.316,2264.625,4.51825,"294,728",601.06,,,,,,,,,,,,,,,,,,,,,,,,,,,
Asia,Eastern Asia,Republic of Korea,2008,259,0.527,2264.625,4.51825,"305,465",621.09,,,,,,,,,,,,,,,,,,,,,,,,,,,
Asia,Eastern Asia,Republic of Korea,2009,298,0.604,2264.625,4.51825,"315,731",639.82,,,,,,,,,,,,,,,,,,,,,,,,,,,
Asia,Eastern Asia,Republic of Korea,2010,222,0.448,"4,409",8.899,"292,347",590.05,,,,,,,,,,,,,,,,,,,,,,,,,,,
Asia,Eastern Asia,Republic of Korea,2011,256,0.514,"3,994",8.022,"311,862",626.41,,,,,,,,,,,,,,,,,,,,,,,,,,,
Asia,Eastern Asia,Republic of Korea,2012,195,0.39,"2,586",5.166,"62,257",124.36,,,,,,,,,,,,,,,,,,,,,,,,,,,
Asia,Eastern Asia,Republic of Korea,2013,57,0.113,"1,980",3.933,"55,884",111,,,,,,,,,,,,,,,,,,,,,,,,,,,
Asia,Eastern Asia,Republic of Korea,2014,77,0.152,"1,586",3.134,"50,281",99.35,,,,,,,,,,,,,,,,,,,,,,,,,,,
Asia,Eastern Asia,Republic of Korea,2015,79,0.155,"1,446",2.845,"48,005",94.46,,,,,,,,,,,,,,,,,,,,,,,,,,,
Asia,Eastern Asia,Republic of Korea,2016,77,0.151,"1,149",2.254,"50,028",98.13,,,,,,,,,,,,,,,,,,,,,,,,,,,
Asia,Eastern Asia,Republic of Korea,2017,57,0.112,967,1.893,"44,611",87.31,,,,,,,,,,,,,,,,,,,,,,,,,,,
Asia,Southern Asia,India,2004,"23,327",2.065,29054,2.30475,"276,868",24.51,,,,,,,,,,,,,,,,,,,,,,,,,,,
Asia,Southern Asia,India,2005,"22,832",1.99,29054,2.30475,"270,861",23.6,,,,,,,,,,,,,,,,,,,,,,,,,,,
Asia,Southern Asia,India,2006,"23,991",2.058,29054,2.30475,"264,748",22.72,,,,,,,,,,,,,,,,,,,,,,,,,,,
Asia,Southern Asia,India,2007,"27,561",2.329,29054,2.30475,"273,067",23.08,,,,,,,,,,,,,,,,,,,,,,,,,,,
Asia,Southern Asia,India,2008,"30,261",2.52,29054,2.30475,"284,969",23.73,,,,,,,,,,,,,,,,,,,,,,,,,,,
Asia,Southern Asia,India,2009,"33,860",2.781,29054,2.30475,"279,214",22.93,,,,,,,,,,,,,,,,,,,,,,,,,,,
Asia,Southern Asia,India,2010,"38,440",3.114,"23,393",1.895,"289,022",23.42,,,,,,,,,,,,,,,,,,,,,,,,,,,
Asia,Southern Asia,India,2011,"44,664",3.572,"24,700",1.976,"302,847",24.22,,,,,,,,,,,,,,,,,,,,,,,,,,,
Asia,Southern Asia,India,2012,"47,592",3.76,"31,657",2.501,"332,324",26.25,,,,,,,,,,,,,,,,,,,,,,,,,,,
Asia,Southern Asia,India,2013,"65,461",5.111,"36,466",2.847,"334,669",26.13,,,,,,,,,,,,,,,,,,,,,,,,,,,
Asia,Southern Asia,Nepal,2005,123,0.478,83.5,0.306,"1,047",4.07,,,,,,,,,,,,,,,,,,,,,,,,,,,
Asia,Southern Asia,Nepal,2006,246,0.944,82,0.3,"1,047",4.02,,,,,,,,,,,,,,,,,,,,,,,,,,,
Asia,Southern Asia,Nepal,2016,20,0.073,85,0.312,66,0.24,,,,,,,,,,,,,,,,,,,,,,,,,,,
Asia,Southern Asia,Nepal,2017,129.6666667,0.4983333333,83.5,0.306,83.5,2.776666667,,,,,,,,,,,,,,,,,,,,,,,,,,,
Asia,Southern Asia,Pakistan,2008,"18,693",10.418,16485,8.596625,31950.625,16.6225,,,,,,,,,,,,,,,,,,,,,,,,,,,
Asia,Southern Asia,Pakistan,2009,"20,029",10.925,16485,8.596625,31950.625,16.6225,,,,,,,,,,,,,,,,,,,,,,,,,,,
Asia,Southern Asia,Pakistan,2010,"20,610",11.005,"18,098",10.087,"35,573",19.83,,,,,,,,,,,,,,,,,,,,,,,,,,,
Asia,Southern Asia,Pakistan,2011,"19,551",10.222,"20,521",11.193,"36,204",19.75,,,,,,,,,,,,,,,,,,,,,,,,,,,
Asia,Southern Asia,Pakistan,2012,"19,111",9.785,"17,081",9.121,"32,194",17.19,,,,,,,,,,,,,,,,,,,,,,,,,,,
Asia,Southern Asia,Pakistan,2013,"18,164",9.108,"17,363",9.078,"32,223",16.85,,,,,,,,,,,,,,,,,,,,,,,,,,,
Asia,Southern Asia,Pakistan,2014,"18,057",8.868,"18,107",9.271,"33,432",17.12,,,,,,,,,,,,,,,,,,,,,,,,,,,
Asia,Southern Asia,Pakistan,2015,"18,363",8.832,"15,164",7.604,"28,979",14.53,,,,,,,,,,,,,,,,,,,,,,,,,,,
Asia,Southern Asia,Pakistan,2016,19072.25,9.895375,"13,088",6.427,"29,694",14.58,,,,,,,,,,,,,,,,,,,,,,,,,,,
Asia,Southern Asia,Pakistan,2017,19072.25,9.895375,"12,458",5.992,"27,306",13.13,,,,,,,,,,,,,,,,,,,,,,,,,,,
Asia,Southern Asia,Sri Lanka,2003,829,4.312,5097.428571,24.75128571,"22,178",115.37,,,,,,,,,,,,,,,,,,,,,,,,,,,
Asia,Southern Asia,Sri Lanka,2004,868,4.477,5097.428571,24.75128571,"21,172",109.21,,,,,,,,,,,,,,,,,,,,,,,,,,,
Asia,Southern Asia,Sri Lanka,2005,526,2.632,5097.428571,24.75128571,35827.77778,18.585,,,,,,,,,,,,,,,,,,,,,,,,,,,
Asia,Southern Asia,Sri Lanka,2006,358,1.779,5097.428571,24.75128571,35827.77778,18.585,,,,,,,,,,,,,,,,,,,,,,,,,,,
Asia,Southern Asia,Sri Lanka,2007,202,0.997,5097.428571,24.75128571,35827.77778,18.585,,,,,,,,,,,,,,,,,,,,,,,,,,,
Asia,Southern Asia,Sri Lanka,2008,180,0.882,5097.428571,24.75128571,"50,466",18.585,,,,,,,,,,,,,,,,,,,,,,,,,,,
Asia,Southern Asia,Sri Lanka,2009,222,1.081,5097.428571,24.75128571,"59,267",18.585,,,,,,,,,,,,,,,,,,,,,,,,,,,
Asia,Southern Asia,Sri Lanka,2010,195,0.944,"6,440",31.784,"64,616",18.585,,,,,,,,,,,,,,,,,,,,,,,,,,,
Asia,Southern Asia,Sri Lanka,2011,323,1.554,"6,240",30.591,"66,474",18.585,,,,,,,,,,,,,,,,,,,,,,,,,,,
Asia,Southern Asia,Sri Lanka,2012,246,1.177,"6,552",31.91,"66,137",18.585,,,,,,,,,,,,,,,,,,,,,,,,,,,
Asia,Southern Asia,Sri Lanka,2013,297,1.413,"4,743",22.954,"4,098",19.83,,,,,,,,,,,,,,,,,,,,,,,,,,,
Asia,Southern Asia,Sri Lanka,2014,386,1.931636364,"4,235",20.371,"4,037",19.42,,,,,,,,,,,,,,,,,,,,,,,,,,,
Asia,Southern Asia,Sri Lanka,2015,386,1.931636364,"4,017",19.213,"3,792",18.14,,,,,,,,,,,,,,,,,,,,,,,,,,,
Asia,Southern Asia,Sri Lanka,2016,386,1.931636364,"3,455",16.436,"3,563",16.95,,,,,,,,,,,,,,,,,,,,,,,,,,,
Asia,Western Asia,Armenia,2004,23,0.766,298,10.260375,190,6.33,,,,,,,,,,,,,,,,,,,,,,,,,,,
Asia,Western Asia,Armenia,2005,22,0.738,298,10.260375,180,6.04,,,,,,,,,,,,,,,,,,,,,,,,,,,
Asia,Western Asia,Armenia,2006,26,0.879,298,10.260375,178,6.02,,,,,,,,,,,,,,,,,,,,,,,,,,,
Asia,Western Asia,Armenia,2007,26,0.886,298,10.260375,164,5.59,,,,,,,,,,,,,,,,,,,,,,,,,,,
Asia,Western Asia,Armenia,2008,27,0.928,298,10.260375,201,6.91,,,,,,,,,,,,,,,,,,,,,,,,,,,
Asia,Western Asia,Armenia,2009,34,1.177,298,10.260375,166,5.75,,,,,,,,,,,,,,,,,,,,,,,,,,,
Asia,Western Asia,Armenia,2010,39,1.356,356,12.374,155,5.39,,,,,,,,,,,,,,,,,,,,,,,,,,,
Asia,Western Asia,Armenia,2011,34,1.182,344,11.957,161,5.6,,,,,,,,,,,,,,,,,,,,,,,,,,,
Asia,Western Asia,Armenia,2012,38,1.318,310,10.749,157,5.44,,,,,,,,,,,,,,,,,,,,,,,,,,,
Asia,Western Asia,Armenia,2013,49,1.691,257,8.868,176,6.07,,,,,,,,,,,,,,,,,,,,,,,,,,,
Asia,Western Asia,Armenia,2014,44,1.511,289,9.924,198,6.8,,,,,,,,,,,,,,,,,,,,,,,,,,,
Asia,Western Asia,Armenia,2015,58,1.982,291,9.945,163,5.57,,,,,,,,,,,,,,,,,,,,,,,,,,,
Asia,Western Asia,Armenia,2016,51,1.737,308,10.49,186,6.34,,,,,,,,,,,,,,,,,,,,,,,,,,,
Asia,Western Asia,Armenia,2017,35,1.188,229,7.776,181,6.15,,,,,,,,,,,,,,,,,,,,,,,,,,,
Asia,Western Asia,Azerbaijan,2003,28,0.335,264,2.855,155,1.85,,,,,,,,,,,,,,,,,,,,,,,,333,3.42,369,3.75
Asia,Western Asia,Azerbaijan,2004,23,0.272,264,2.855,171,2.02,,,,,,,,,,,,,,,,,,,,,,,,,,,
Asia,Western Asia,Azerbaijan,2005,29,0.34,264,2.855,165,1.93,,,,,,,,,,,,,,,,,,,,,,,,,,,
Asia,Western Asia,Azerbaijan,2006,21,0.243,264,2.855,160,1.85,,,,,,,,,,,,,,,,,,,,,,,,,,,
Asia,Western Asia,Azerbaijan,2007,19,0.218,264,2.855,190.5,28.59153846,,,,,,,,,,,,,,,,,,,,,,,,,,,
Asia,Western Asia,Azerbaijan,2008,20,0.227,264,2.855,190.5,28.59153846,,,,,,,,,,,,,,,,,,,,,,,,,,,
Asia,Western Asia,Azerbaijan,2009,9,0.101,264,2.855,184,2.06,,,,,,,,,,,,,,,,,,,,,,,,,,,
Asia,Western Asia,Azerbaijan,2010,3,0.033,294,3.255,172,1.9,,,,,,,,,,,,,,,,,,,,,,,,,,,
Asia,Western Asia,Azerbaijan,2011,0,0,306,3.346,153,1.67,,,,,,,,,,,,,,,,,,,,,,,,,,,
Asia,Western Asia,Azerbaijan,2012,1,0.011,252,2.72,132,1.42,,,,,,,,,,,,,,,,,,,,,,,,,,,
Asia,Western Asia,Azerbaijan,2013,9,0.096,227,2.419,132,1.41,,,,,,,,,,,,,,,,,,,,,,,,,,,
Asia,Western Asia,Azerbaijan,2014,4,0.042,241,2.535,160,1.68,,,,,,,,,,,,,,,,,,,,,,,,,,,
Asia,Western Asia,Azerbaijan,2016,13.83333333,0.1598333333,264,2.855,333,3.42,,,,,,,,,,,,,,,,,,,,,,,,,,,
Asia,Western Asia,Azerbaijan,2017,13.83333333,0.1598333333,490,5.033,369,3.75,,,,,,,,,,,,,,,,,,,,,,,,,,,
Asia,Western Asia,Bahrain,2003,5,0.642,397,4.033,"2,701",346.73,,,,,,,,,,,,,,,,,,,,,,,,,,,
Asia,Western Asia,Cyprus,2003,20,2.012,129.25,11.298375,135,13.58,,,,,,,,,,,,,,,,,,,,,,,,,,,
Asia,Western Asia,Cyprus,2004,15,1.485,129.25,11.298375,172,17.03,,,,,,,,,,,,,,,,,,,,,,,,,,,
Asia,Western Asia,Cyprus,2005,16,1.556,129.25,11.298375,132,12.84,,,,,,,,,,,,,,,,,,,,,,,,,,,
Asia,Western Asia,Cyprus,2006,15,1.434,129.25,11.298375,134,12.81,,,,,,,,,,,,,,,,,,,,,,,,,,,
Asia,Western Asia,Cyprus,2007,10,0.94,129.25,11.298375,142,13.35,,,,,,,,,,,,,,,,,,,,,,,,,,,
Asia,Western Asia,Cyprus,2008,12,1.109,129.25,11.298375,167,15.43,,,,,,,,,,,,,,,,,,,,,,,,,,,
Asia,Western Asia,Cyprus,2009,26,2.368,129.25,11.298375,219,19.95,,,,,,,,,,,,,,,,,,,,,,,,,,,
Asia,Western Asia,Cyprus,2010,27,2.426,156,14.016,173,15.54,,,,,,,,,,,,,,,,,,,,,,,,,,,
Asia,Western Asia,Cyprus,2011,25,2.222,137,12.178,164,14.58,,,,,,,,,,,,,,,,,,,,,,,,,,,
Asia,Western Asia,Cyprus,2012,30,2.643,173,15.242,148,13.04,,,,,,,,,,,,,,,,,,,,,,,,,,,
Asia,Western Asia,Cyprus,2013,19,1.661,149,13.024,132,11.54,,,,,,,,,,,,,,,,,,,,,,,,,,,
Asia,Western Asia,Cyprus,2014,21,1.823,104,9.028,134,11.63,,,,,,,,,,,,,,,,,,,,,,,,,,,
Asia,Western Asia,Cyprus,2015,24,2.067,93,8.01,141,12.14,,,,,,,,,,,,,,,,,,,,,,,,,,,
Asia,Western Asia,Cyprus,2016,30,2.564,105,8.974,145,12.39,,,,,,,,,,,,,,,,,,,,,,,,,,,
Asia,Western Asia,Cyprus,2017,36,3.051,117,9.915,144,12.2,,,,,,,,,,,,,,,,,,,,,,,,,,,
Asia,Western Asia,Georgia,2003,94,2.218,554.5,13.619,231.875,5.57,,,,,,,,,,,,,,,,,,,,,,,,,,,
Asia,Western Asia,Georgia,2004,35,0.8314285714,554.5,13.619,371,8.78,,,,,,,,,,,,,,,,,,,,,,,,,,,
Asia,Western Asia,Georgia,2005,88,2.09,554.5,13.619,368,8.74,,,,,,,,,,,,,,,,,,,,,,,,,,,
Asia,Western Asia,Georgia,2006,34,0.811,554.5,13.619,271,6.47,,,,,,,,,,,,,,,,,,,,,,,,,,,
Asia,Western Asia,Georgia,2007,11,0.264,554.5,13.619,157,3.77,,,,,,,,,,,,,,,,,,,,,,,,,,,
Asia,Western Asia,Georgia,2008,5,0.121,554.5,13.619,200,4.83,,,,,,,,,,,,,,,,,,,,,,,,,,,
Asia,Western Asia,Georgia,2009,9,0.218,554.5,13.619,134,3.25,,,,,,,,,,,,,,,,,,,,,,,,,,,
Asia,Western Asia,Georgia,2010,4,0.098,638,15.565,126,3.07,,,,,,,,,,,,,,,,,,,,,,,,,,,
Asia,Western Asia,Georgia,2014,35,0.8314285714,471,11.673,228,5.65,,,,,,,,,,,,,,,,,,,,,,,,,,,
Asia,Western Asia,Israel,2004,397,6.206,2081.666667,27.432,"50,171",784.29,,,,,,,,,,,,,,,,,,,,,,,,,,,
Asia,Western Asia,Israel,2005,418,6.402,2081.666667,27.432,"51,114",782.88,,,,,,,,,,,,,,,,,,,,,,,,,,,
Asia,Western Asia,Israel,2006,383,5.733,2081.666667,27.432,"50,866",761.35,,,,,,,,,,,,,,,,,,,,,,,,,,,
Asia,Western Asia,Israel,2007,337,4.922,2081.666667,27.432,"45,025",657.59,,,,,,,,,,,,,,,,,,,,,,,,,,,
Asia,Western Asia,Israel,2008,340,4.843,2081.666667,27.432,"45,432",647.09,,,,,,,,,,,,,,,,,,,,,,,,,,,
Asia,Western Asia,Israel,2009,274.3333333,4.037,2081.666667,27.432,40228.33333,594.5777778,,,,,,,,,,,,,,,,,,,,,,,,,,,
Asia,Western Asia,Israel,2010,267,3.635,"2,906",39.559,"46,007",626.29,,,,,,,,,,,,,,,,,,,,,,,,,,,
Asia,Western Asia,Israel,2011,265,3.539,"2,746",36.677,"43,069",575.25,,,,,,,,,,,,,,,,,,,,,,,,,,,
Asia,Western Asia,Jordan,2005,28,0.486,2081.666667,27.432,"14,677",254.54,,,,,,,,,,,,,,,,,,,,,,,,,,,
Asia,Western Asia,Jordan,2006,34,0.567,2081.666667,27.432,"15,694",261.92,,,,,,,,,,,,,,,,,,,,,,,,,,,
Asia,Western Asia,Jordan,2017,274.3333333,4.037,593,6.06,40228.33333,594.5777778,,,,,,,,,,,,,,,,,,,,,,,,,,,
Asia,Western Asia,Lebanon,2008,494.5,8.954714286,625,42.691,"7,950",166.84,,,,,,,,,,,,,,,,,,,,,,,,,,,
Asia,Western Asia,Lebanon,2009,899,18.867,625,42.691,"9,100",189.07,,,,,,,,,,,,,,,,,,,,,,,,,,,
Asia,Western Asia,Lebanon,2010,573,11.905,625,42.691,"9,496",191.72,,,,,,,,,,,,,,,,,,,,,,,,,,,
Asia,Western Asia,Lebanon,2011,559,11.286,625,42.691,"8,956",172.16,,,,,,,,,,,,,,,,,,,,,,,,,,,
Asia,Western Asia,Lebanon,2012,653,12.553,625,42.691,"8,658",156.34,,,,,,,,,,,,,,,,,,,,,,,,,,,
Asia,Western Asia,Lebanon,2013,910,16.432,625,42.691,"8,222",139.05,,,,,,,,,,,,,,,,,,,,,,,,,,,
Asia,Western Asia,Lebanon,2014,"1,214",20.531,625,42.691,"8,514",135.98,,,,,,,,,,,,,,,,,,,,,,,,,,,
Asia,Western Asia,Lebanon,2015,"1,056",16.866,"2,789",42.691,"7,769",118.92,,,,,,,,,,,,,,,,,,,,,,,,,,,
Asia,Western Asia,Lebanon,2016,"1,005",15.383,625,42.691,"7,491",111.57,,,,,,,,,,,,,,,,,,,,,,,,,,,
Asia,Western Asia,Oman,2007,13,0.489,625,1.99725,"1,790",67.37,,,,,,,,,,,,,,,,,,,,,,,,,,,
Asia,Western Asia,Oman,2008,9,0.327,625,1.99725,"2,083",75.72,,,,,,,,,,,,,,,,,,,,,,,,,,,
Asia,Western Asia,Oman,2014,7,0.174,174,4.321,40,0.99,,,,,,,,,,,,,,,,,,,,,,,,,,,
Asia,Western Asia,Oman,2015,6,0.141,73,1.711,44,1.03,,,,,,,,,,,,,,,,,,,,,,,,,,,
Asia,Western Asia,Oman,2016,5,0.112,56,1.25,41,0.92,,,,,,,,,,,,,,,,,,,,,,,,,,,
Asia,Western Asia,Oman,2017,14,0.3,33,0.707,64,1.37,,,,,,,,,,,,,,,,,,,,,,,,,,,
Asia,Western Asia,Saudi Arabia,2003,590,1.782,"3,075",9.29,1141,3.475,,,,,,,,,,,,,,,,,,,,,,,,,,,
Asia,Western Asia,Saudi Arabia,2015,590,1.782,"3,075",9.29,437,1.38,,,,,,,,,,,,,,,,,,,,,,,,,,,
Asia,Western Asia,Saudi Arabia,2016,590,1.782,"3,075",9.29,1141,3.475,,,,,,,,,,,,,,,,,,,,,,,,,,,
Asia,Western Asia,Saudi Arabia,2017,590,1.782,"3,075",9.29,"1,845",5.57,,,,,,,,,,,,,,,,,,,,,,,,,,,
Asia,Western Asia,Palestine,2003,126,3.661,2717.5,64.663,"5,283",153.49,,,,,,,,,,,,,,,,,,,,,,,,,,,
Asia,Western Asia,Palestine,2004,167,4.765,2717.5,64.663,"5,812",165.82,,,,,,,,,,,,,,,,,,,,,,,,,,,
Asia,Western Asia,Palestine,2005,202,5.646,2717.5,64.663,"6,572",183.68,,,,,,,,,,,,,,,,,,,,,,,,,,,
Asia,Western Asia,Palestine,2006,92.28571429,2.557285714,2717.5,64.663,2700.428571,76.15,,,,,,,,,,,,,,,,,,,,,,,,,,,
Asia,Western Asia,Palestine,2007,92.28571429,2.557285714,2717.5,64.663,2700.428571,76.15,,,,,,,,,,,,,,,,,,,,,,,,,,,
Asia,Western Asia,Palestine,2008,83,2.152,2717.5,64.663,2700.428571,76.15,,,,,,,,,,,,,,,,,,,,,,,,,,,
Asia,Western Asia,Palestine,2009,23,0.581,2717.5,64.663,263,6.64,,,,,,,,,,,,,,,,,,,,,,,,,,,
Asia,Western Asia,Palestine,2010,21,0.518,"2,843",70.094,286,7.05,,,,,,,,,,,,,,,,,,,,,,,,,,,
Asia,Western Asia,Palestine,2011,24,0.578,"2,297",55.349,340,8.19,,,,,,,,,,,,,,,,,,,,,,,,,,,
Asia,Western Asia,Palestine,2012,92.28571429,2.557285714,"1,996",47.053,347,8.18,,,,,,,,,,,,,,,,,,,,,,,,,,,
Asia,Western Asia,Palestine,2013,92.28571429,2.557285714,"3,734",86.156,2700.428571,76.15,,,,,,,,,,,,,,,,,,,,,,,,,,,
Asia,Western Asia,Turkey,2003,"7,753",11.731,23008,29.88185714,"91,997",139.2,,,,,,,,,,,,,,,,,,,,,,,,,,,
Asia,Western Asia,Turkey,2004,"7,624",11.377,23008,29.88185714,"97,145",144.97,,,,,,,,,,,,,,,,,,,,,,,,,,,
Asia,Western Asia,Turkey,2005,"8,737",12.867,23008,29.88185714,"105,721",155.69,,,,,,,,,,,,,,,,,,,,,,,,,,,
Asia,Western Asia,Turkey,2006,"10,519",15.299,23008,29.88185714,"138,937",202.07,,,,,,,,,,,,,,,,,,,,,,,,,,,
Asia,Western Asia,Turkey,2007,"9,455",13.588,23008,29.88185714,"121,913",175.21,,,,,,,,,,,,,,,,,,,,,,,,,,,
Asia,Western Asia,Turkey,2008,"10,764",15.286,23008,29.88185714,"166,430",236.34,,,,,,,,,,,,,,,,,,,,,,,,,,,
Asia,Western Asia,Turkey,2009,"12,700",17.807,23008,29.88185714,"194,059",272.09,,,,,,,,,,,,,,,,,,,,,,,,,,,
Asia,Western Asia,Turkey,2010,"13,586",18.784,"8,581",11.864,"220,882",305.39,,,,,,,,,,,,,,,,,,,,,,,,,,,
Asia,Western Asia,Turkey,2011,"13,584",18.496,"9,662",13.156,"238,395",324.6,,,,,,,,,,,,,,,,,,,,,,,,,,,
Asia,Western Asia,Turkey,2012,"13,431",17.992,"10,303",13.802,"262,330",351.41,,,,,,,,,,,,,,,,,,,,,,,,,,,
Asia,Western Asia,Turkey,2013,"31,196",41.088,"28,854",38.003,"74,938",98.7,,,,,,,,,,,,,,,,,,,,,,,,,,,
Asia,Western Asia,Turkey,2014,"32,953",42.669,"42,602",55.163,"79,405",102.82,,,,,,,,,,,,,,,,,,,,,,,,,,,
Asia,Western Asia,Turkey,2015,"31,910",40.635,"33,931",43.208,"87,554",111.49,,,,,,,,,,,,,,,,,,,,,,,,,,,
Asia,Western Asia,Turkey,2016,"26,766",33.53,"27,123",33.977,"69,896",87.56,,,,,,,,,,,,,,,,,,,,,,,,,,,
Asia,Western Asia,United Arab Emirates,2003,434,11.692,816.1666667,8.742333333,421.375,6.29875,,,,,,,,,,,,,,,,,,,,,,,,,,,
Asia,Western Asia,United Arab Emirates,2004,506,12.435,816.1666667,8.742333333,421.375,6.29875,,,,,,,,,,,,,,,,,,,,,,,,,,,
Asia,Western Asia,United Arab Emirates,2005,862,18.788,816.1666667,8.742333333,717,15.63,,,,,,,,,,,,,,,,,,,,,,,,,,,
Asia,Western Asia,United Arab Emirates,2006,971,18.321,816.1666667,8.742333333,758,14.3,,,,,,,,,,,,,,,,,,,,,,,,,,,
Asia,Western Asia,United Arab Emirates,2010,76.33333333,6.6177,45,0.492,421.375,6.29875,,,,,,,,,,,,,,,,,,,,,,,,,,,
Asia,Western Asia,United Arab Emirates,2011,76.33333333,6.6177,719,7.817,421.375,6.29875,,,,,,,,,,,,,,,,,,,,,,,,,,,
Asia,Western Asia,United Arab Emirates,2012,73,0.799,715,7.76,378,4.13,,,,,,,,,,,,,,,,,,,,,,,,,,,
Asia,Western Asia,United Arab Emirates,2013,94,1.022,826,8.917,311,3.38,,,,,,,,,,,,,,,,,,,,,,,,,,,
Asia,Western Asia,United Arab Emirates,2014,69,0.749,"1,028",10.982,316,3.43,,,,,,,,,,,,,,,,,,,,,,,,,,,
Asia,Western Asia,United Arab Emirates,2015,82,0.885,"1,564",16.486,320,3.45,,,,,,,,,,,,,,,,,,,,,,,,,,,
Asia,Western Asia,United Arab Emirates,2016,73,0.78,816.1666667,8.742333333,348,3.72,,,,,,,,,,,,,,,,,,,,,,,,,,,
Asia,Western Asia,United Arab Emirates,2017,67,0.706,816.1666667,8.742333333,223,2.35,,,,,,,,,,,,,,,,,,,,,,,,,,,